"reference";"name";"price";"description";"description_short";"meta_title";"meta_keywords";"meta_description"
"BO31UNJ.POW";"Vêtement Bébé Fille Princesse Un Jour - PETIT DEMON";"22.900000";"<p class=""p1""><img src=""https://www.petitdemon.fr/img/cms/BANDEAU-bio-fabrication-franc%CC%A7aise-oekotex-copie-copie.jpg"" alt=""BANDEAU-bio-fabrication-française-oekotex"" width=""1198"" height=""170"" /></p> <hr /><h3><span><strong>100% COTON BIOLOGIQUE. LABEL GOTS</strong>   </span></h3> <h3><span>(Global Organic Textile Standard).</span></h3> <h3 class=""p1""><span class=""s1"">Coton très épais 200 Mg, maille tissu très resserrée.  </span></h3> <p class=""p2""></p> <h3 class=""p1""><span class=""s1"">Trois pressions à l'entrejambe sans nickel<br />Emmanchures américaines</span></h3> <h3 class=""p1""><span class=""s1"">Nos bodies sont réalisés avec <strong>un coton BIO</strong>, épais, très doux. Un tissu de qualité afin de préserver la peau fragile des bébés.               </span></h3> <p></p> <h3 class=""p1""><strong>Body testé sans substance nocive, ni métaux lourds. </strong></h3> <p></p> <h3 class=""p1""><strong>Encre à l´eau de fabrication française, certifié OEKO TEX.</strong></h3> <hr /><p><strong>Le référentiel Global Organic Textile Standard (GOTS)</strong> est le fruit d'une collaboration entre les principaux acteurs dans le domaine de la normalisation ayant pour but de définir des exigences reconnues dans le monde entier et permettant ainsi de garantir la qualité biologique des textiles depuis la récolte des matières premières, en passant par la fabrication responsable d'un point de vue social et environnemental, jusqu'à l'étiquetage pour offrir une garantie fiable au consommateur.</p> <h3 class=""p1""><span class=""s1"">source : de Global Organic Textile Standard International Working Group</span> </h3> <hr /><p><span> </span> <img src=""https://www.petitdemon.fr/img/cms/lavage%20a%2030.gif"" alt=""lavage a 30"" width=""29"" height=""23"" />Lavage machine 30°     <img src=""https://www.petitdemon.fr/img/cms/sechage.gif"" alt=""sechage"" width=""29"" height=""23"" />ne pas sécher à la machine      <img src=""https://www.petitdemon.fr/img/cms/repassage%20a%CC%80%202.gif"" alt=""repassage à 2"" width=""30"" height=""23"" />repassage à l'envers, température inférieure à 150° C </p>";"<p class=""&quot;p1&quot;""><span style=""color:#2c9ffd;""><span class=""&quot;s1&quot;""><strong><img src=""https://www.petitdemon.fr/img/cms/banniere%20envois%20gratis%20copie.jpg"" alt=""livraison gratuite - petit demon"" width=""300"" height=""47"" /></strong></span></span></p> <h2 class=""&quot;p1&quot;""><span style=""color:#2c9ffd;""><span class=""&quot;s1&quot;""><strong>Body</strong> bébé <strong>original</strong> fille Princesse</span></span></h2> <h3 class=""&quot;p2&quot;""><span class=""&quot;s1&quot;"">Avec ce body <strong>humour</strong> princesse, le ton est donné. Les futurs prétendants sont prévenus.</span></h3> <h3>En coffret de naissance, ce body original se doit de composer la garde robe d'une Princesse Royale </h3> <h3 class=""&quot;p2&quot;""><span style=""color:#f3847f;"">LE PETIT PLUS : BODY BEBE BIO Certifié OEKO TEX. Création Française, modèle unique.</span></h3>";"Body bébé message papa | CRÉATION FRANÇAISE| PETIT DEMON";"body bebe,cadeau de naissance,body princesse,body princesse papa,body bebe original,body bebe drole,body humour,body bébé original,body bebe original,body bébé drôle,body un jour mon prince viendra et mon pere le fracassera,body bebe princesse";"Parfait cadeau de naissance original pour papa ce body ""Un Jour Mon Prince Viendra et Mon Père le Fracassera"" | Label OekoTex |LIVRAISON GRATUITE "
"BO40NOTICE.BG";"Body Bébé Humour pour papa Notice pour papa - PETIT DEMON";"22.900000";"<p class=""p1""><img src=""https://www.petitdemon.fr/img/cms/BANDEAU-bio-fabrication-franc%CC%A7aise-oekotex-copie-copie.jpg"" alt=""BANDEAU-bio-fabrication-française-oekotex"" width=""1198"" height=""170"" /></p> <hr /><h3><span><strong>100% COTON BIOLOGIQUE. LABEL GOTS</strong>   </span></h3> <h3><span>(Global Organic Textile Standard).</span></h3> <h3 class=""p1""><span class=""s1"">Coton très épais 200 Mg, maille tissu très resserrée.  </span></h3> <p class=""p2""></p> <h3 class=""p1""><span class=""s1"">Trois pressions à l'entrejambe sans nickel<br />Emmanchures américaines</span></h3> <h3 class=""p1""><span class=""s1"">Nos bodies sont réalisés avec <strong>un coton BIO</strong>, épais, très doux. Un tissu de qualité afin de préserver la peau fragile des bébés.               </span></h3> <p></p> <h3 class=""p1""><strong>Body testé sans substance nocive, ni métaux lourds. </strong></h3> <p></p> <h3 class=""p1""><strong>Encre à l´eau de fabrication française, certifié OEKO TEX.</strong></h3> <hr /><p><strong>Le référentiel Global Organic Textile Standard (GOTS)</strong> est le fruit d'une collaboration entre les principaux acteurs dans le domaine de la normalisation ayant pour but de définir des exigences reconnues dans le monde entier et permettant ainsi de garantir la qualité biologique des textiles depuis la récolte des matières premières, en passant par la fabrication responsable d'un point de vue social et environnemental, jusqu'à l'étiquetage pour offrir une garantie fiable au consommateur.</p> <h3 class=""p1""><span class=""s1"">source : de Global Organic Textile Standard International Working Group</span> </h3> <hr /><p><span> </span> <img src=""https://www.petitdemon.fr/img/cms/lavage%20a%2030.gif"" alt=""lavage a 30"" width=""29"" height=""23"" />Lavage machine 30°     <img src=""https://www.petitdemon.fr/img/cms/sechage.gif"" alt=""sechage"" width=""29"" height=""23"" />ne pas sécher à la machine      <img src=""https://www.petitdemon.fr/img/cms/repassage%20a%CC%80%202.gif"" alt=""repassage à 2"" width=""30"" height=""23"" />repassage à l'envers, température inférieure à 150° C </p>";"<h2 class=""p1""><span style=""color:#d0121a;"">Un <strong>body</strong> bébé <strong>humour</strong> pour papa</span></h2> <h3 class=""p1""><span class=""s1"">On a réalisé pour vous, le body qui va réconcilier les papas avec le change des bébés. </span></h3> <h2 class=""p2""><span class=""s1"">Attention! Humour des papas à prendre en considération. </span></h2> <h2 class=""p1""><span class=""s1"">Ce body bébé humour est une idée cadeau de naissance original.</span></h2> <h2 class=""p1""><span class=""s1"" style=""color:#d0121a;"">LE PETIT PLUS : body bébé Bio certifié GOTS. Création française, modèle unique</span></h2> <h1 class=""p1""><span class=""s1"" style=""color:#fbe329;""> </span></h1>";"Body bébé humour notice pour papa | CRÉATION FRANÇAISE| PETIT DEMON";;"Faites plaisir à papa en offrant ce body spécial papa. Un cadeau de naissance rigolo, un body plein d'humour | Label OekoTex | LIVRAISON GRATUITE "
"BODY FACEBOOK";"Body Bébé Facebook";"12.500000";"<p><span style=""font-size:12pt;""><strong><span style=""font-family:tahoma, arial, helvetica, sans-serif;color:#000000;"">BODY JE NE VEUX PAS ETRE SUR FACEBOOK</span></strong></span></p> <hr /><p><span style=""font-family:tahoma, arial, helvetica, sans-serif;color:#000000;""> </span></p> <p class=""p1""><span class=""s1"" style=""color:#000000;"">Body naissance - Body bébé original </span></p> <p class=""p1""><span class=""s1"" style=""color:#000000;"">100% PUR COTON TOUT DOUX, TISSÉ EN 200g/m 2 (coton très épais)</span></p> <p class=""p1""><span class=""s1"" style=""color:#000000;"">Trois pressions à l'entrejambe<strong> sans nickel</strong><br /> Emmanchures américaines</span></p> <p class=""p2""></p> <p class=""p2""><span style=""color:#000000;""><em><span class=""s1""><strong>Certifié sans substance chimique ou nocive par le label TEXTILE OEKO-TEX 100</strong></span></em></span></p> <p><span style=""font-family:tahoma, arial, helvetica, sans-serif;font-size:10pt;line-height:1.5em;color:#000000;""> </span></p> <hr /><p><span style=""font-family:tahoma, arial, helvetica, sans-serif;color:#000000;font-size:10pt;""> </span></p> <p class=""p1""><span class=""s1"" style=""color:#000000;"">Nos bodies sont réalisés avec un coton épais, très doux, <strong>testés sans substance nocive ni produit chimique notoire.</strong> </span></p> <p class=""p1""><span class=""s1"" style=""color:#000000;"">Un tissu de qualité afin de préserver la peau fragile des bébés.</span></p> <p class=""p1""><span class=""s1"" style=""color:#000000;"">Nos bodies labelisés OEKO-TEX STANDARD 100 respectent l´environnement et le travail humain.</span></p> <p class=""p2""><span style=""color:#000000;""> </span></p> <p class=""p1""><span class=""s1"" style=""color:#000000;""><strong>Écologie humaine</strong></span></p> <p class=""p1""><span class=""s1"" style=""color:#000000;"">L'écologie humaine s`intéresse aux effets des textiles et de leurs composants chimiques sur la santé et le bien-être des personnes.</span></p> <p class=""p1""><span class=""s1"" style=""color:#000000;"">Source Oeko-tex</span></p> <p><span style=""font-family:tahoma, arial, helvetica, sans-serif;color:#000000;font-size:10pt;""> </span></p> <hr /><p><span style=""font-family:tahoma, arial, helvetica, sans-serif;color:#000000;font-size:10pt;""> </span></p> <p><span style=""font-family:tahoma, arial, helvetica, sans-serif;color:#000000;font-size:10pt;""> <a title=""Lavage machine 60°"" href=""http://www.vertbaudet.fr/page/guide-entretien.htm""><span style=""color:#000000;""><img title=""Lavage machine 30°"" src=""http://media.vertbaudet.fr/Medias/3-0-0/75/7/lavage_2-gif_m1076472233.gif"" alt=""Lavage machine 30°"" width=""29"" height=""23"" /></span></a> Lavage machine 30°    <a title=""séchage au séche linge 2 points"" href=""http://www.vertbaudet.fr/page/guide-entretien.htm""><span style=""color:#000000;""><img src=""http://media.vertbaudet.fr/Medias/3-0-0/75/7/sechage_3-gif_m-1358962856.gif"" alt="""" width=""29"" height=""23"" /></span></a> ne pas sécher à la machine     <a title=""Repassage température inférieure à 150° C"" href=""http://www.vertbaudet.fr/page/guide-entretien.htm""><span style=""color:#000000;""><img title=""Repassage température inférieure à 150° C"" src=""http://media.vertbaudet.fr/Pictos/3-0-0/trepas_2.gif"" alt=""Repassage température inférieure à 150° C"" /></span></a> repassage à l'envers, température inférieure à 150° C </span></p>";"<p><span style=""color:#136eeb;font-family:tahoma, arial, helvetica, sans-serif;font-size:12pt;""><strong>BODY BEBE JE NE VEUX PAS ETRE SUR FACEBOOK</strong></span></p> <p class=""Corps""><span style=""color:#3366ff;""><span style=""font-family:tahoma, arial, helvetica, sans-serif;font-size:10pt;""><strong>Spéciales revendications</strong></span><span style=""font-family:tahoma, arial, helvetica, sans-serif;font-size:12pt;line-height:1.5em;""> </span></span></p> <p class=""Corps""><span style=""font-family:tahoma, arial, helvetica, sans-serif;font-size:10pt;color:#000000;"">Un body drôle qui parle à la place des bébés.</span></p> <p class=""Corps""><span style=""font-family:tahoma, arial, helvetica, sans-serif;font-size:10pt;color:#000000;"">Même pas né que ma frimousse est déjà sur facebook. Mais a t-on demandé mon avis de bébé in utero.</span></p> <p class=""Corps""><span style=""font-family:tahoma, arial, helvetica, sans-serif;font-size:10pt;color:#000000;"">Avec ce body original papa maman vous êtes prévenus.</span></p> <p class=""Corps""><span style=""line-height:1.5em;font-family:tahoma, arial, helvetica, sans-serif;font-size:10pt;color:#000000;"">Ce body de naissance original est à porter à toutes occasions pour faire comprendre le message</span></p>";"Body bébé facebook";"body bébé,bodie bébé,body bebe,body bebe original,body bebe pour maman,body bebe drole,body bébé drole,cadeau naissance original,cadeau pour maman,cadeau fete des meres,cadeau fête des mères";"Body bébé Je ne veux pas être sur Facebook. Un body pour les plus réfractaires à afficher en long, la tête de leur petite progéniture sur facebook."
"BODY 100% PARFAITE FILLE";"Body Bébé 100% parfaite";"12.500000";"<p><span style=""font-size:12pt;""><strong><span style=""font-family:tahoma, arial, helvetica, sans-serif;color:#000000;"">BODY 100% PARFAITE</span></strong></span></p> <hr /><p><span style=""font-family:webdings;color:#000000;""> </span></p> <p class=""p1""><span class=""s1"" style=""color:#000000;"">Body naissance - Body bébé original </span></p> <p class=""p1""><span class=""s1"" style=""color:#000000;"">100% PUR COTON TOUT DOUX, TISSÉ EN 200g/m 2 (coton très épais)</span></p> <p class=""p1""><span class=""s1"" style=""color:#000000;"">Trois pressions à l'entrejambe<strong> sans nickel</strong><br /> Emmanchures américaines</span></p> <p class=""p2""><span style=""color:#000000;""> </span></p> <p class=""p3""><span style=""color:#000000;""><em><span class=""s1""><strong>Certifié sans substance chimique ou nocive par le label TEXTILE OEKO-TEX 100</strong></span></em></span></p> <p><span style=""font-family:webdings;font-size:10pt;color:#000000;""> </span></p> <hr /><p><span style=""font-family:webdings;font-size:10pt;color:#000000;""> </span></p> <p class=""p1""><span class=""s1"" style=""color:#000000;"">Nos bodies sont réalisés avec un coton épais, très doux, <strong>testés sans substance nocive ni produit chimique notoire.</strong> </span></p> <p class=""p1""><span class=""s1"" style=""color:#000000;"">Un tissu de qualité afin de préserver la peau fragile des bébés.</span></p> <p class=""p1""><span class=""s1"" style=""color:#000000;"">Nos bodies labelisés OEKO-TEX STANDARD 100 respectent l´environnement et le travail humain.</span></p> <p class=""p2""><span style=""color:#000000;""> </span></p> <p class=""p1""><span class=""s1"" style=""color:#000000;""><strong>Écologie humaine</strong></span></p> <p class=""p1""><span class=""s1"" style=""color:#000000;"">L'écologie humaine s`intéresse aux effets des textiles et de leurs composants chimiques sur la santé et le bien-être des personnes.</span></p> <p class=""p1""><span class=""s1"" style=""color:#000000;"">Source Oeko-tex</span></p> <p class=""p1""></p> <hr /><p><span style=""font-family:webdings;font-size:10pt;color:#000000;""> </span></p> <p><span style=""font-family:webdings;font-size:10pt;color:#000000;""> <a title=""Lavage machine 60°"" href=""http://www.vertbaudet.fr/page/guide-entretien.htm""><span style=""color:#000000;""><img title=""Lavage machine 30°"" src=""http://media.vertbaudet.fr/Medias/3-0-0/75/7/lavage_2-gif_m1076472233.gif"" alt=""Lavage machine 30°"" width=""29"" height=""23"" /></span></a> Lavage machine 30°    <a title=""séchage au séche linge 2 points"" href=""http://www.vertbaudet.fr/page/guide-entretien.htm""><span style=""color:#000000;""><img src=""http://media.vertbaudet.fr/Medias/3-0-0/75/7/sechage_3-gif_m-1358962856.gif"" alt="""" width=""29"" height=""23"" /></span></a> ne pas sécher à la machine     <a title=""Repassage température inférieure à 150° C"" href=""http://www.vertbaudet.fr/page/guide-entretien.htm""><span style=""color:#000000;""><img title=""Repassage température inférieure à 150° C"" src=""http://media.vertbaudet.fr/Pictos/3-0-0/trepas_2.gif"" alt=""Repassage température inférieure à 150° C"" /></span></a> repassage à l'envers, température inférieure à 150° C </span></p>";"<p><span style=""color:#eb775b;font-family:tahoma, arial, helvetica, sans-serif;font-size:12pt;""><strong>BODY BEBE 100% PARFAITE</strong></span></p> <p class=""Corps""><span style=""font-size:10pt;color:#33cccc;font-family:tahoma, arial, helvetica, sans-serif;""><strong>Cherche pas ya pas d´erreurs!</strong></span></p> <p class=""Corps""><span style=""font-family:tahoma, arial, helvetica, sans-serif;font-size:10pt;line-height:1.5em;color:#000000;"">Ce body original mettra tous les parents d´accord.</span></p> <p class=""Corps""><span style=""font-family:tahoma, arial, helvetica, sans-serif;font-size:10pt;color:#000000;"">Ne cherchez plus à qui je ressemble, c´est marqué sur mon body.</span></p> <p class=""Corps""><span style=""font-family:tahoma, arial, helvetica, sans-serif;font-size:10pt;color:#000000;"">Une petite fille modèle 100% fabrication parfaite.</span></p> <p class=""Corps""><span style=""font-family:tahoma, arial, helvetica, sans-serif;font-size:10pt;line-height:1.5em;color:#000000;"">Habillez votre bébé avec ce body original, aux couleurs douces.</span></p>";"Body bébé parfaite";"body bébé,bodie bébé,body bebe,body bebe original,body bebe pour maman,body bebe drole,body bébé drole,cadeau naissance original,cadeau pour maman";"Body bébé fille 100% Parfaite. Fabrication 100% parents parfaits pour ce body original. Un cadeau naissance sympa à offrir à la famille parfaite. "
"BODY 100% PARFAIT GARCON";"Body bébé 100% parfait";"12.500000";"<p><span style=""font-size:12pt;""><strong><span style=""color:#000000;font-family:tahoma, arial, helvetica, sans-serif;"">BODY 100% PARFAIT</span></strong></span></p> <hr /><p><span style=""font-size:10pt;color:#000000;""> </span></p> <p class=""p1""><span class=""s1"" style=""color:#000000;"">Body naissance - Body bébé original </span></p> <p class=""p1""><span class=""s1"" style=""color:#000000;"">100% PUR COTON TOUT DOUX, TISSÉ EN 200g/m 2 (coton très épais)</span></p> <p class=""p1""><span class=""s1"" style=""color:#000000;"">Trois pressions à l'entrejambe<strong> sans nickel</strong><br /> Emmanchures américaines</span></p> <p class=""p2""><span style=""color:#000000;""> </span></p> <p class=""p3""><span style=""color:#000000;""><em><span class=""s1""><strong>Certifié sans substance chimique ou nocive par le label TEXTILE OEKO-TEX 100</strong></span></em></span></p> <p><span style=""font-size:10pt;color:#000000;""> </span></p> <hr /><p><span style=""font-size:10pt;color:#000000;""> </span></p> <p class=""p1""><span class=""s1"" style=""color:#000000;"">Nos bodies sont réalisés avec un coton épais, très doux, <strong>testés sans substance nocive ni produit chimique notoire.</strong> </span></p> <p class=""p1""><span class=""s1"" style=""color:#000000;"">Un tissu de qualité afin de préserver la peau fragile des bébés.</span></p> <p class=""p1""><span class=""s1"" style=""color:#000000;"">Nos bodies labelisés OEKO-TEX STANDARD 100 respectent l´environnement et le travail humain.</span></p> <p class=""p2""><span style=""color:#000000;""> </span></p> <p class=""p1""><span class=""s1"" style=""color:#000000;""><strong>Écologie humaine</strong></span></p> <p class=""p1""><span class=""s1"" style=""color:#000000;"">L'écologie humaine s`intéresse aux effets des textiles et de leurs composants chimiques sur la santé et le bien-être des personnes.</span></p> <p class=""p1""><span class=""s1"" style=""color:#000000;"">Source Oeko-tex</span></p> <p><span style=""font-size:10pt;color:#000000;""> </span></p> <hr /><p><span style=""font-size:10pt;color:#000000;""> </span></p> <p><span style=""font-size:10pt;color:#000000;""> <a title=""Lavage machine 60°"" href=""http://www.vertbaudet.fr/page/guide-entretien.htm""><span style=""color:#000000;""><img title=""Lavage machine 30°"" src=""http://media.vertbaudet.fr/Medias/3-0-0/75/7/lavage_2-gif_m1076472233.gif"" alt=""Lavage machine 30°"" width=""29"" height=""23"" /></span></a> Lavage machine 30°    <a title=""séchage au séche linge 2 points"" href=""http://www.vertbaudet.fr/page/guide-entretien.htm""><span style=""color:#000000;""><img src=""http://media.vertbaudet.fr/Medias/3-0-0/75/7/sechage_3-gif_m-1358962856.gif"" alt="""" width=""29"" height=""23"" /></span></a> ne pas sécher à la machine     <a title=""Repassage température inférieure à 150° C"" href=""http://www.vertbaudet.fr/page/guide-entretien.htm""><span style=""color:#000000;""><img title=""Repassage température inférieure à 150° C"" src=""http://media.vertbaudet.fr/Pictos/3-0-0/trepas_2.gif"" alt=""Repassage température inférieure à 150° C"" /></span></a> repassage à l'envers, température inférieure à 150° C </span></p>";"<p><span style=""color:#0eacf0;font-size:12pt;font-family:tahoma, arial, helvetica, sans-serif;""><strong>BODY BEBE 100% PARFAIT</strong></span></p> <p class=""Corps""><span style=""color:#e82b45;font-size:10pt;font-family:tahoma, arial, helvetica, sans-serif;""><strong>Le meilleur des baby boys c´est moi</strong></span></p> <p class=""Corps""><span style=""font-size:10pt;line-height:1.5em;font-family:tahoma, arial, helvetica, sans-serif;color:#000000;"">Ce n´est plus un mythe, le bébé parfait existe bien...ne cherchez plus c´est moi.</span></p> <p class=""Corps""><span style=""font-size:10pt;color:#000000;font-family:tahoma, arial, helvetica, sans-serif;"">Un savant mélange de mes parents a créé ce magnifique bébé 100% parfait.</span></p> <p class=""Corps""><span style=""font-size:10pt;color:#000000;font-family:tahoma, arial, helvetica, sans-serif;"">Idée cadeau de naissance original qui fera plaisir aux parents</span></p>";;"body 100% parfait";"cadeau naissance"
"BODY ALLO BLANC";"Body BEBE Allo non mais Allo?";"22.900000";"<h1><strong><span style=""font-size:12pt;font-family:tahoma, arial, helvetica, sans-serif;color:#000000;"">BODY ALLO NON MAIS ALLO</span></strong></h1> <hr /><p><span style=""color:#000000;font-family:tahoma, arial, helvetica, sans-serif;""> </span></p> <p class=""p1""><span class=""s1"" style=""color:#000000;"">Body naissance - Body bébé original </span></p> <p class=""p1""><span class=""s1"" style=""color:#000000;"">100% PUR COTON TOUT DOUX, TISSÉ EN 200g/m 2 (coton très épais)</span></p> <p class=""p1""><span style=""color:#000000;""><span class=""s2"">Trois </span><span class=""s1"">pressions à l'entrejambe<strong> sans nickel</strong></span><span class=""s2""><br /></span><span class=""s1"">Emmanchures américaines</span></span></p> <p class=""p1""></p> <p class=""p1""><span style=""color:#000000;""><em><span class=""s1""><strong>Certifié sans substance chimique ou nocive par le label TEXTILE OEKO-TEX 100</strong></span></em></span></p> <hr /><p class=""p1""></p> <p class=""p1""><span class=""s1"" style=""color:#000000;"">Nos bodies sont réalisés avec un coton épais, très doux, <strong>testés sans substance nocive ni produit chimique notoire.</strong> </span></p> <p class=""p1""><span class=""s1"" style=""color:#000000;"">Un tissu de qualité afin de préserver la peau fragile des bébés.</span></p> <p class=""p1""><span class=""s1"" style=""color:#000000;"">Nos bodies labelisés OEKO-TEX STANDARD 100 respectent l´environnement et le travail humain.</span></p> <p class=""p2""><span style=""color:#000000;""> </span></p> <p class=""p1""><span class=""s1"" style=""color:#000000;""><strong>Écologie humaine</strong></span></p> <p class=""p1""><span class=""s1"" style=""color:#000000;"">L'écologie humaine s`intéresse aux effets des textiles et de leurs composants chimiques sur la santé et le bien-être des personnes.</span></p> <p class=""p1""><span class=""s1"" style=""color:#000000;"">Source Oeko-tex</span></p> <hr /><p><span style=""font-family:tahoma, arial, helvetica, sans-serif;color:#000000;""> </span></p> <p><span style=""font-family:tahoma, arial, helvetica, sans-serif;color:#000000;""><a title=""Lavage machine 60°"" href=""http://www.vertbaudet.fr/page/guide-entretien.htm""><span style=""color:#000000;""><img title=""Lavage machine 30°"" src=""http://media.vertbaudet.fr/Medias/3-0-0/75/7/lavage_2-gif_m1076472233.gif"" alt=""Lavage machine 30°"" width=""29"" height=""23"" /></span></a> Lavage machine 30°    <a title=""séchage au séche linge 2 points"" href=""http://www.vertbaudet.fr/page/guide-entretien.htm""><span style=""color:#000000;""><img src=""http://media.vertbaudet.fr/Medias/3-0-0/75/7/sechage_3-gif_m-1358962856.gif"" alt="""" width=""29"" height=""23"" /></span></a> ne pas sécher à la machine     <a title=""Repassage température inférieure à 150° C"" href=""http://www.vertbaudet.fr/page/guide-entretien.htm""><span style=""color:#000000;""><img title=""Repassage température inférieure à 150° C"" src=""http://media.vertbaudet.fr/Pictos/3-0-0/trepas_2.gif"" alt=""Repassage température inférieure à 150° C"" /></span></a> repassage à l'envers, température inférieure à 150° C </span></p>";"<p class=""Corps""><span style=""color:#e8163c;font-family:tahoma, arial, helvetica, sans-serif;font-size:12pt;""><strong>BODY BEBE ALLO NON MAIS ALLO </strong></span></p> <p class=""Corps""><span style=""font-size:10pt;font-family:tahoma, arial, helvetica, sans-serif;color:#000000;""><strong>Le body top tendance people</strong></span></p> <p class=""Corps""><span style=""font-family:tahoma, arial, helvetica, sans-serif;font-size:10pt;line-height:1.5em;color:#000000;"">Une phrase devenue tellement culte que les bébés n´y ont pas échappé.</span></p> <p class=""Corps""><span style=""font-size:10pt;line-height:1.5em;font-family:tahoma, arial, helvetica, sans-serif;color:#000000;"">Petit body original, plein d´humour, aux graphismes et imprimés enfantins</span></p> <p class=""Corps""><span style=""font-family:tahoma, arial, helvetica, sans-serif;font-size:small;color:#000000;""><span style=""line-height:20px;"">Cadeau naissance parfait pour fan incommensurable </span></span></p>";"Body bébé Allo non mais allo blanc";"body bébé,bodie bébé,body bebe,body bebe original,body bebe pour maman,body bebe drole,body bébé drole,cadeau naissance bebe original,cadeau naissance original,cadeau bébé naissance,cadeau fete des meres,cadeau fête des mères";"Body bébé 100% people. Personne n'a pu passer à côté de cette phrase aussi mythique qu'incompréhensible. Revisitez pour les bébés avec un joli graphisme enfantin."
"BO22PSG15.FI";"Body Bébé Fille PSG non officiel - PETIT DEMON";"25.000000";"<h2 class=""&quot;p1&quot;""><span class=""&quot;s1&quot;"" style=""color:#d0121a;"">Le rêve de papa pour sa petite fille</span></h2> <h2><span class=""&quot;s1&quot;"">Habillez comme papa pour les soirs de grands match, ce body fera sensation aussi sur la plage des régions du Sud. Un body original à avoir dans le dressing de tous supporters du PSG</span></h2> <h3><span class=""&quot;s1&quot;"" style=""color:#4a4a4a;"">100% COTON OEKO TEX.   <img src=""http://www.polymedegouges.com/img/cms/IMAGES%20GOTS/oeko-tex-Labellisation-labels-textiles-bio-environnement-carbonetex-textile-environnement-bureau-etudes-conseil-ingenierie-technique1.jpg"" alt="""" width=""79"" height=""51"" /></span></h3> <hr /><h3><span style=""color:#4a4a4a;""> </span></h3> <h3><span class=""&quot;s1&quot;"" style=""color:#4a4a4a;""><strong>100% coton Conficiance Textile- Certifié OEKO TEX</strong>. </span></h3> <h3 class=""&quot;p1&quot;""><span class=""&quot;s1&quot;"" style=""color:#4a4a4a;"">Coton très épais 200 Mg, maille tissu très resserrée.</span></h3> <h3 class=""&quot;p1&quot;""><span class=""&quot;s1&quot;"" style=""color:#4a4a4a;"">Trois pressions à l'entrejambe sans nickel<br /> Emmanchures américaines</span></h3> <h3 class=""&quot;p2&quot;""></h3> <h3 class=""&quot;p1&quot;""><span class=""&quot;s1&quot;"" style=""color:#4a4a4a;"">Nos bodies sont réalisés avec un coton épais, très doux. Un tissu de qualité afin de préserver la peau fragile des bébés.</span></h3> <h3><span style=""color:#4a4a4a;""> </span></h3> <hr /><h3><span style=""color:#4a4a4a;""> </span></h3> <h3><span style=""color:#4a4a4a;""> </span></h3> <h3 class=""&quot;p1&quot;""><span class=""&quot;s1&quot;"" style=""color:#4a4a4a;""><strong>Le label Oeko-Tex</strong> <strong>Standard 100</strong> garantie qu´aucune substance nocive ou de colorant nocif ne soient utilisés à tous les stades de la production. Ce label assure également à nos bodies, qu´ils ont passé les tests de sécurité les plus strictes.</span></h3> <h3 class=""&quot;p1&quot;""><span class=""&quot;s1&quot;"" style=""color:#4a4a4a;"">Ce label porte sur un engagement éthique des valeurs humaines et écologiques. Respect du travail humain et de l´environnement.</span></h3> <h3 class=""&quot;p2&quot;""></h3> <h3 class=""&quot;p1&quot;""><span class=""&quot;s1&quot;"" style=""color:#4a4a4a;""><strong>Écologie humaine</strong></span></h3> <h3 class=""&quot;p3&quot;""><span class=""&quot;s1&quot;"" style=""color:#4a4a4a;"">L'écologie humaine s`intéresse aux effets des textiles et de leurs composants chimiques sur la santé et le bien-être des personnes.</span></h3> <h3 class=""&quot;p1&quot;""><span class=""&quot;s1&quot;"" style=""color:#4a4a4a;"">Source Oeko-tex </span></h3> <h3> </h3> <p> </p> <hr /><p> </p> <p> <a title=""&quot;Lavage"" href=""%5C""><img title=""&quot;Lavage"" src=""%5C"" alt=""&quot;Lavage"" /></a> Lavage machine 30°    <a title=""&quot;séchage"" href=""%5C""><img src=""%5C"" alt=""&quot;&quot;"" /></a> ne pas sécher à la machine     <a title=""&quot;Repassage"" href=""%5C""><img title=""&quot;Repassage"" src=""%5C"" alt=""&quot;Repassage"" /></a> repassage à l'envers, température inférieure à 150° C </p>";"<h1 class=""&quot;p1&quot;""><strong><span style=""color:#0f3984;""><span class=""&quot;s1&quot;"">Body bébé Psg fille La Petite Parisienne</span></span></strong></h1> <h1 class=""&quot;p2&quot;""><span class=""&quot;s1&quot;"">La loterie vous a donné une fille. Pas de panique les petites supportrices pourront arborer fièrement le stade avec leur maillot foot bébé PSG.</span></h1> <h1 class=""&quot;p1&quot;""><span class=""&quot;s1&quot;"">Une idée de cadeau bébé original qui ravira les papas. Un body Psg que les papas offriront avec fièrté à leur pote supporter.</span></h1> <h1 class=""&quot;p3&quot;""></h1> <h1 class=""&quot;p5&quot;""><span style=""color:#d0121a;""><span class=""&quot;s1&quot;"">LE PETIT PLUS: body bébé OekoTex. Création et Design Français.</span></span></h1> <p class=""&quot;Corps&quot;""></p> <p class=""&quot;Corps&quot;""></p>";"Body bébé fille PSG non officiel - PETIT DEMON";"body bebe psg,body fille psg,body paris,cadeau de naissance personnalisé,maillot psg,body bébé pour papa,cadeau de naissance,cado naissance,cadeau naissance pour papa,cadeau pour papa,cadeau fete des peres,cadeau pour maman";"Ton pote va avoir une fille alors offre lui ce CADEAU DE NAISSANCE PSG. Existe aussi en coffret naissance. Envoi rapide et pas cher"
"body princesse de papa rose  ";"Body ""pas touche a la princesse "" ";"16.722408";"<p><span><span>BODY ""ON NE TOUCHE PAS A LA PRINCESSE DE PAPA""</span></span></p> <hr /><p><span> </span></p> <p><span>Body naissance et body bébé original </span></p> <p><span>100% PUR COTON TOUT DOUX, TISSÉ EN 200g/m 2</span></p> <p><span>Body pressionné à l'entrejambe pour faciliter l'habillage</span><br /><span>Emmanchures américaines</span></p> <p><span> </span></p> <hr /><p><span> </span></p> <p>Offrez à bébé plus de confort et de douceur tout en respectant l'environnement avec ces <strong>bodies</strong> réalisés en pur coton tout doux, issus de l'agriculture raisonnée.</p> <p>Un tissu de grande qualité qui préserve la peau fragile des bébés.</p> <p><span> </span></p> <hr /><p><span> <br class=""Apple-interchange-newline"" /> <a title=""Lavage machine 60°"" href=""http://www.vertbaudet.fr/page/guide-entretien.htm"" target=""_blank""><span><img title=""Lavage machine 30°"" src=""http://media.vertbaudet.fr/Medias/3-0-0/75/7/lavage_2-gif_m1076472233.gif"" alt=""Lavage machine 30°"" width=""29"" height=""23"" /></span></a> Lavage machine 30°    <a title=""séchage au séche linge 2 points"" href=""http://www.vertbaudet.fr/page/guide-entretien.htm"" target=""_blank""><span><img src=""http://media.vertbaudet.fr/Medias/3-0-0/75/7/sechage_3-gif_m-1358962856.gif"" alt="""" width=""29"" height=""23"" /></span></a> ne pas sécher à la machine     <a title=""Repassage température inférieure à 150° C"" href=""http://www.vertbaudet.fr/page/guide-entretien.htm""><span><img title=""Repassage température inférieure à 150° C"" src=""http://media.vertbaudet.fr/Pictos/3-0-0/trepas_2.gif"" alt=""Repassage température inférieure à 150° C"" /></span></a> repassage à l'envers, température inférieure à 150° C </span></p>";"<p><span><span><strong>BODY ""ON NE TOUCHE PAS A LA PRINCESSE DE PAPA""</strong></span></span></p> <p><span><span><strong>Au moins c'est clair pour tout le monde</strong></span></span></p> <p><span><span><strong> </strong></span></span></p> <p><span><span>Mon papa c'est le plus fort, le plus beau du monde, mon super héro et moi je suis sa petite princesse pour la vie.</span></span></p> <p><span><span>Un body original, avec une couronne dorée pour faire comme les vraies princesses</span></span></p>";;"body,on ne touche pas a la,princesse,de papa,bavoir,original,bodie,kdo,cadeau,naissance,cadeau de naissance,bebe,bébé,humour,rigolo,papa";"cadeau naissance bébé  fille original princesse de papa"
"BER01MJ";"Berceuses Bébé Michael Jackson";"15.000000";"<p><iframe width=""100%"" height=""600"" scrolling=""no"" src=""https://w.soundcloud.com/player/?url=https%3A//api.soundcloud.com/playlists/37204702&amp;color=%23ff0099&amp;auto_play=false&amp;hide_related=false&amp;show_comments=true&amp;show_user=true&amp;show_reposts=false&amp;visual=true""></iframe></p>";"<h2><span style=""font-family:tahoma, arial, helvetica, sans-serif;color:#000000;font-size:12pt;""><strong>BERCEUSES MICHAEL JACKSON</strong></span></h2> <h3><span style=""font-family:tahoma, arial, helvetica, sans-serif;font-size:10pt;color:#c6394a;""><strong>THE KING OF POP</strong></span></h3> <h3><span style=""font-family:tahoma, arial, helvetica, sans-serif;font-size:10pt;color:#000000;"">Rockabye baby revisite vos musiques préférées en berceuses pour bébé</span></h3> <h3><span style=""font-family:tahoma, arial, helvetica, sans-serif;font-size:10pt;color:#000000;"">Fan de Mickael Jackson, partagé les meilleurs tubes du Roi de la Pop avec ces versions mélodieuses, agréables pour les oreilles de bébé.</span></h3> <h3><span style=""font-family:tahoma, arial, helvetica, sans-serif;font-size:10pt;color:#000000;"">Les guitares et batteries sont remplacées par des xylophones et le volume est diminué de 11 à 2 décibels pour une écoute en douceur.</span></h3>";"Berceuses pour bébé Mickael Jackson";"berceuses pour bébé,berceuses bébé,berceuse bébé,berceuse bebe,berceuse bébé original,cadeau de naissance bebe,cadeau de naissance bébé,berceuse bebe rock,berceuse bébé mickael jackson,fan de mickael,king of pop,berceuse pop";"Berceuses pour bébé Mickael Jackson. Les fans vont se réjouir d'avoir pour leur bébé des berceuses instrumentales de Mickael Jackson. Une sélection de musique du roi de la pop revisité avec un xylophone, un pur bonheur pour les oreilles des touts-petits."
"BER02U2";"Berceuses Bébé U2";"15.000000";"<p><iframe width=""100%"" height=""600"" scrolling=""no"" src=""https://w.soundcloud.com/player/?url=https%3A//api.soundcloud.com/playlists/37434241&amp;color=%23ff0099&amp;auto_play=false&amp;hide_related=false&amp;show_comments=true&amp;show_user=true&amp;show_reposts=false&amp;visual=true""></iframe></p>";"<h2><span style=""color:#808000;font-family:tahoma, arial, helvetica, sans-serif;font-size:12pt;""><strong>BERCEUSES U2</strong></span></h2> <h3><span style=""color:#808000;font-family:tahoma, arial, helvetica, sans-serif;font-size:10pt;""><strong>Tu vas kiffer!</strong></span></h3> <h3><span style=""font-family:tahoma, arial, helvetica, sans-serif;font-size:10pt;color:#000000;"">Rockabye revisite les chansons rock les plus mythiques de U2 en berceuses pour bébé</span></h3> <h3><span style=""font-family:tahoma, arial, helvetica, sans-serif;font-size:10pt;color:#000000;"">Si le Rock est en vous, ne cherchez pas plus loin les légendaires U2. Leurs mélodies inoubliables sont une base parfaite pour ces berceuses célestes </span></h3> <h3><span style=""font-family:tahoma, arial, helvetica, sans-serif;font-size:10pt;color:#000000;"">Les guitares et batteries sont remplacées par des xylophones et le volume diminué de 11 à 2 décibels </span></h3>";"Berceuses pour bébé U2";"berceuses pour bébé,berceuses bébé,berceuse bébé,berceuse bebe,berceuse bébé original,cadeau de naissance bebe,cadeau de naissance bébé,berceuse bebe rock,berceuse bébé rock,berceuse,u2,album u2,fan de u2";"Berceuses pour bébé U2. Les petites oreilles des bébés vont se régaler à l'écoute de ces berceuses instrumentales du groupe légendaire U2. Nous on adore."
"ALBUM BOB MARLEY ";"Berceuses POUR bebe Bob Marley";"12.500000";"<p><iframe width=""100%"" height=""600"" scrolling=""no"" src=""https://w.soundcloud.com/player/?url=https%3A//api.soundcloud.com/playlists/37432551&amp;color=%23ff0099&amp;auto_play=false&amp;hide_related=false&amp;show_comments=true&amp;show_user=true&amp;show_reposts=false&amp;visual=true""></iframe></p>";"<h2><span style=""font-family:tahoma, arial, helvetica, sans-serif;font-size:12pt;color:#008000;""><strong>BERCEUSES BOB MARLEY</strong></span></h2> <h2><span style=""font-family:tahoma, arial, helvetica, sans-serif;font-size:10pt;color:#d9253e;""><strong>PEACE AND LOVE BABY</strong></span></h2> <h3><span style=""font-family:tahoma, arial, helvetica, sans-serif;font-size:10pt;color:#000000;"">Rockabye revisite les plus gros tubes de Bob Marley en berceuses pour bébé.</span></h3> <h3><span style=""font-family:tahoma, arial, helvetica, sans-serif;font-size:10pt;color:#000000;"">Si le reggae à un pouvoir magique sur les enfants en crise de larmes, ces mélodies sont l'antidote parfait pour ramener la paix à l'heure du coucher.</span></h3> <h3><span style=""font-family:tahoma, arial, helvetica, sans-serif;font-size:10pt;color:#000000;""><span class=""&quot;&quot;goog-text-highlight&quot;&quot;"">Les </span>guitares et batteries sont remplacées par des xylophones et le volume baissé de 11 à 2 décibels pour une écoute en douceur.</span></h3>";"Berceuses bébé Bob Marley";"berceuses pour bébé,berceuses bébé,berceuse bébé,berceuse bebe,berceuse bébé original,cadeau de naissance bebe,cadeau de naissance bébé,berceuse bebe rock,berceuse bébé bob marley,fan de bob marley,reggae,berceuse reggae";"Berceuses pour bébé Bob Marley. Les plus reggae des bébés vont kiffer cet album trop zen. Attention normalement interdit aux parents."
"ALBUM PINK";"Berceuses pour bebe Pink";"12.500000";"<p><iframe width=""100%"" height=""600"" scrolling=""no"" src=""https://w.soundcloud.com/player/?url=https%3A//api.soundcloud.com/playlists/38913365&amp;color=%23ff0099&amp;auto_play=false&amp;hide_related=false&amp;show_comments=true&amp;show_user=true&amp;show_reposts=false&amp;visual=true""></iframe></p>";"<h2><span style=""font-family:tahoma, arial, helvetica, sans-serif;font-size:12pt;color:#e91572;""><strong>BERCEUSES PINK</strong></span></h2> <h2><span style=""font-family:tahoma, arial, helvetica, sans-serif;font-size:10pt;color:#e91572;""><strong>Pour les petites rebelles</strong></span></h2> <h3><span style=""font-family:tahoma, arial, helvetica, sans-serif;font-size:10pt;color:#000000;"">Du rock baby...oui mais celui-ci est légèrement plus mélodieux.</span></h3> <h3><span style=""font-family:tahoma, arial, helvetica, sans-serif;font-size:10pt;color:#000000;"">Rockabye Baby a revisté les meilleures morceaux de Pink, dans un album de berceuses follement adorables.</span></h3> <h3><span style=""font-family:tahoma, arial, helvetica, sans-serif;font-size:10pt;color:#000000;"">Les guitares et batteries sont remplacées par des xylophones et le volume est diminué de 11 à 2 décibels pour une écoute tout en douceur.</span></h3>";;"berceuse,disque,bebe,pink,pop,rock,original,originaux,cadeau,bébé,naissance";"Berceuses Pink pour bébé. Musique bébé pop rock originale re-visitée. Des sonorités douces idéales en cadeau de naissance"
"ALBUM QUEEN";"Berceuses pour bEbe Queen";"12.500000";"<p><iframe width=""100%"" height=""600"" scrolling=""no"" src=""https://w.soundcloud.com/player/?url=https%3A//api.soundcloud.com/playlists/37432336&amp;color=%23ff0099&amp;auto_play=false&amp;hide_related=false&amp;show_comments=true&amp;show_user=true&amp;show_reposts=false&amp;visual=true""></iframe></p>";"<p><span style=""font-family:tahoma, arial, helvetica, sans-serif;font-size:12pt;color:#f9429a;""><strong>BERCEUSES QUEEN</strong></span></p> <h3><span style=""font-family:tahoma, arial, helvetica, sans-serif;font-size:10pt;color:#f9429a;""><strong>Show must go on !!</strong></span></h3> <h3><span style=""font-size:10pt;line-height:1.5em;color:#000000;"">Un groupe légendaire, des musiques mythiques, des rythmes ensorceleurs...on mélange le tout avec un zest de douceur et hop on en sort un album de berceuses orginales du groupe Queen.</span></h3> <h3><span style=""font-size:10pt;color:#000000;"">Les guitares et batteries sont remplacées par des xylophones, et le volume est diminué de 11 à 2 décibels pour une écoute en douceur.</span></h3>";;"berceuse,disque,bebe,pop,rock,original,originaux,cadeau,bébé,naissance,queen";"Berceuses Queen pour bébé. Musique bébé pop rock originale re-visitée. Des sonorités douces idéales en cadeau de naissance"
"ALBUM METALLICA";"Berceuses pour bebe Metallica";"12.500000";"<p><iframe width=""100%"" height=""600"" scrolling=""no"" src=""https://w.soundcloud.com/player/?url=https%3A//api.soundcloud.com/playlists/37432708&amp;color=%23ff0099&amp;auto_play=false&amp;hide_related=false&amp;show_comments=true&amp;show_user=true&amp;show_reposts=false&amp;visual=true""></iframe></p>";"<h2><span style=""font-family:tahoma, arial, helvetica, sans-serif;font-size:10pt;color:#000000;background-color:#ffffff;""><strong>BERCEUSES METALLICA</strong></span></h2> <h3><span style=""font-size:10pt;color:#000000;background-color:#ffffff;""><strong style=""line-height:1.5em;""><span style=""font-family:tahoma, arial, helvetica, sans-serif;"">Du métal en berceuses pour bébé, vous y croyez-vous ?</span></strong></span></h3> <h3><span style=""font-family:tahoma, arial, helvetica, sans-serif;font-size:10pt;line-height:1.5em;color:#000000;"">Rockabye baby a revisté les plus gros tubes de Métallica en douces mélodies pour petits rebelles.</span></h3> <h3><span style=""font-family:tahoma, arial, helvetica, sans-serif;font-size:10pt;color:#000000;""><span style=""line-height:1.5em;"">Faites tes prières petit et endors toi ''The enter sandman''.</span></span></h3> <h3><span style=""font-family:tahoma, arial, helvetica, sans-serif;font-size:10pt;color:#000000;""><span style=""line-height:1.5em;"">Les guitares et batteries sont remplacées par des xylophones, et le volume est diminué de 11 à 2 décibels pour une écoute en douceur.</span></span></h3>";"Berceuses pour bébé Métallica";"berceuses pour bébé,berceuses bébé,berceuse bébé,berceuse bebe,berceuse bébé original,cadeau de naissance bebe,cadeau de naissance bébé,berceuse bebe metal,berceuse bébé rock,fan de metallica";"Berceuses pour bébé Métallica. Fan de Métallica écoutés un nouveau genre de métal. Des versions instrumentales du groupe revisistées avec un léger zest de douceur et de tendresse. Des xylophones pour emporter les nuits de bébé avec tranquilité."
"ALBUM ELTON JOHN";"Berceuses pour bebe Elton John";"15.000000";"<p><iframe width=""100%"" height=""600"" scrolling=""no"" src=""https://w.soundcloud.com/player/?url=https%3A//api.soundcloud.com/playlists/37374183&amp;color=%23ff0099&amp;auto_play=false&amp;hide_related=false&amp;show_comments=true&amp;show_user=true&amp;show_reposts=false&amp;visual=true""></iframe></p>";"<h2><span style=""font-family:tahoma, arial, helvetica, sans-serif;font-size:12pt;color:#14a1ea;""><strong>BERCEUSES ELTON JOHN</strong></span></h2> <h2><span style=""font-family:tahoma, arial, helvetica, sans-serif;font-size:10pt;color:#14a1ea;""><strong>Can you feel the fatigue tonight!</strong></span></h2> <h3><span style=""font-family:tahoma, arial, helvetica, sans-serif;font-size:10pt;color:#000000;"">Rockabye baby revisite les chansons d'un des maîtres de la musique en berceuses pour bébé.</span></h3> <h3><span style=""font-family:tahoma, arial, helvetica, sans-serif;font-size:10pt;color:#000000;"">Ne laissez pas le soleil se coucher sans l'assurance d'une nuit reposante. Détendez votre petit danseur au son des classiques d'Elton John.</span></h3> <h3><span style=""font-family:tahoma, arial, helvetica, sans-serif;font-size:10pt;color:#000000;"">Les guitares et batteries sont remplacées par des xylophones et le volume diminué de 11 à 2 décibels.</span></h3>";;"berceuse,disque,bebe,pop,rock,original,originaux,cadeau,bébé,naissance,elton john";"Berceuses Elton John pour bébé. Musique bébé pop rock originale re-visitée. Des sonorités douces idéales en cadeau de naissance"
"ALBUM NIRVANA";"Berceuses pour BEBE Nirvana";"12.500000";"<p><iframe width=""100%"" height=""600"" scrolling=""no"" src=""https://w.soundcloud.com/player/?url=https%3A//api.soundcloud.com/playlists/37432829&amp;color=%23ff0099&amp;auto_play=false&amp;hide_related=false&amp;show_comments=true&amp;show_user=true&amp;show_reposts=false&amp;visual=true""></iframe></p>";"<h2><span style=""font-family:tahoma, arial, helvetica, sans-serif;font-size:12pt;color:#000000;""><strong>BERCEUSES NIRVANA</strong></span></h2> <h2><span style=""font-family:tahoma, arial, helvetica, sans-serif;font-size:10pt;color:#eee011;""><strong>I LOVE KURT !</strong></span></h2> <h3><span style=""font-family:tahoma, arial, helvetica, sans-serif;font-size:10pt;color:#000000;"">Avant maman était fan de Kurt Cobain, maintenant elle est folle de moi et moi je suis fan des berceuses de Nirvana. La boucle est bouclée.</span></h3> <h3><span style=""font-family:tahoma, arial, helvetica, sans-serif;font-size:10pt;color:#000000;"">Rockabye baby a revisté pour le plus grand bonheur des amoureux du groupe légendaire des versions originales en berceuses</span></h3> <h3><span style=""color:#000000;"">Les guitares et batteries sont remplacées par des xylophones et le volume diminué de 11 à 2 décibels</span></h3>";;"berceuse,disque,bebe,pop,rock,original,originaux,cadeau,bébé,naissance,nirvana";"Berceuses Nirnava pour bébé. Musique bébé rock originale re-visitée. Des sonorités douces idéales en cadeau de naissance"
"ALBUM ROLLING STONE";"Berceuses BEBE Rolling Stones";"12.500000";"<p><iframe width=""100%"" height=""600"" scrolling=""no"" src=""https://w.soundcloud.com/player/?url=https%3A//api.soundcloud.com/playlists/37433024&amp;color=%23ff0099&amp;auto_play=false&amp;hide_related=false&amp;show_comments=true&amp;show_user=true&amp;show_reposts=false&amp;visual=true""></iframe></p>";"<h2><span style=""color:#ee1146;font-family:tahoma, arial, helvetica, sans-serif;font-size:12pt;""><strong>BERCEUSES ROLLING STONES</strong></span></h2> <h2><span style=""color:#ee1146;font-family:tahoma, arial, helvetica, sans-serif;""><strong>Papy du rock VS Bébé rockeur</strong></span></h2> <h3><span style=""color:#000000;font-family:tahoma, arial, helvetica, sans-serif;"">Rockabye revisite les chansons rock des ROLLING STONES en berceuses</span></h3> <h3><span style=""color:#000000;font-family:tahoma, arial, helvetica, sans-serif;"">Les pleurs de votre bébé signifient que vous ne pouvez obtenir ""Satisfaction""! Lorsque l'heure du coucher n'est pas de votre côté, la musique des Rolling Stones l'est pour vous.</span></h3>";;"berceuse,disque,bebe,pop,rock,original,originaux,cadeau,bébé,naissance,rolling stones";"Berceuses Rolling Stones pour bébé. Musique bébé rock originale re-visitée. Des sonorités douces idéales en cadeau de naissance"
"ALBUM MADONNA";"Berceuses pour bebe Madonna";"15.000000";"<p><iframe width=""100%"" height=""600"" scrolling=""no"" src=""https://w.soundcloud.com/player/?url=https%3A//api.soundcloud.com/playlists/37273756&amp;color=%23ff0099&amp;auto_play=false&amp;hide_related=false&amp;show_comments=true&amp;show_user=true&amp;show_reposts=false&amp;visual=true""></iframe></p>";"<div class=""product-collateral""> <h2 class=""std""><span style=""font-size:12pt;font-family:tahoma, arial, helvetica, sans-serif;color:#f7599e;""><strong style=""line-height:1.5em;"">BERCEUSES MADONNA</strong></span></h2> <div class=""std""> <h3><span style=""font-size:10pt;font-family:tahoma, arial, helvetica, sans-serif;color:#f7599e;""><strong>LA REINE DE LA POP</strong></span></h3> <h3 class=""p1""><span style=""font-family:tahoma, arial, helvetica, sans-serif;font-size:10pt;color:#000000;""><span style=""line-height:1.5em;"">Si vous êtes fan de Madona vous avez tous ses albums. Tous, pas si sûr, celui là vous ne l'avez pas et pour cause, ce sont des berceuses douces et originales pour bébé revisitées par Rockabye baby.</span></span></h3> <h3 class=""p1""><span style=""line-height:1.5em;font-family:tahoma, arial, helvetica, sans-serif;font-size:10pt;color:#000000;"">Des musiques aux sonorités follement adorables</span></h3> <h3><span style=""font-size:10pt;font-family:tahoma, arial, helvetica, sans-serif;color:#000000;"">Les guitares et batteries sont remplacées par des xylophones, et le volume passé de 11 à 2 décibels</span></h3> </div> </div>";;"berceuse,disque,bebe,pop,rock,original,originaux,cadeau,bébé,naissance,madonna";"Berceuses Madonna pour bébé. Musique bébé pop originale re-visitée. Des sonorités douces idéales en cadeau de naissance"
"ALBUM BEATLES";"Berceuses pour bEBE Beatles";"12.500000";"<p><iframe width=""100%"" height=""600"" scrolling=""no"" src=""https://w.soundcloud.com/player/?url=https%3A//api.soundcloud.com/playlists/37433603&amp;color=%23ff0099&amp;auto_play=false&amp;hide_related=false&amp;show_comments=true&amp;show_user=true&amp;show_reposts=false&amp;visual=true""></iframe></p>";"<h2><span style=""font-family:tahoma, arial, helvetica, sans-serif;font-size:12pt;color:#19cde5;""><strong>BERCEUSES BEATLES</strong></span></h2> <h2><span style=""font-family:tahoma, arial, helvetica, sans-serif;font-size:10pt;color:#ed3a89;""><strong>On est fan !</strong></span></h2> <h3><span style=""font-family:tahoma, arial, helvetica, sans-serif;font-size:10pt;color:#000000;"">On adore et vous aussi, un de nos best seller des berceuses pour bébé.</span></h3> <h3><span style=""font-family:tahoma, arial, helvetica, sans-serif;font-size:10pt;color:#000000;"">Les Beatles ont traversé le temps pour arriver aujourd'hui sur un album tout à fait original. Des versions mythiques revisistées en douces berceuses pour bébé</span></h3> <h3><span style=""font-family:tahoma, arial, helvetica, sans-serif;font-size:10pt;color:#000000;"">Les guitares et batteries sont remplacées par des xylophones et le volume diminué de 11 à 2 décibels pour une écoute en douceur</span></h3>";;"berceuse,disque,bebe,pop,rock,original,originaux,cadeau,bébé,naissance,beatles";"Berceuses Beatles pour bébé. Musique bébé pop originale re-visitée. Des sonorités douces idéales en cadeau de naissance"
"ALBUM JAY Z";"Berceuses pour bebe Jay-Z";"15.000000";"<p><iframe width=""100%"" height=""600"" scrolling=""no"" src=""https://w.soundcloud.com/player/?url=https%3A//api.soundcloud.com/playlists/37372699&amp;color=%23ff0099&amp;auto_play=false&amp;hide_related=false&amp;show_comments=true&amp;show_user=true&amp;show_reposts=false&amp;visual=true""></iframe></p>";"<h2><span style=""font-family:tahoma, arial, helvetica, sans-serif;font-size:12pt;color:#05c4f9;""><strong><span class=""&quot;goog-text-highlight&quot;"">BERCEUSES JAY-Z</span></strong></span></h2> <h2><span style=""font-family:tahoma, arial, helvetica, sans-serif;font-size:10pt;color:#05c4f9;""><strong><span class=""&quot;goog-text-highlight&quot;"">Hova !</span></strong></span></h2> <h3><span style=""line-height:1.5em;font-family:tahoma, arial, helvetica, sans-serif;font-size:10pt;color:#000000;"">Rockabye revisite vos musiques rap favorites en berceuses pour bébé.</span></h3> <h3><span style=""font-family:tahoma, arial, helvetica, sans-serif;font-size:10pt;color:#000000;""><span class=""&quot;goog-text-highlight&quot;"">Il parrait que Blue Ivy s'endort sur les douces mélodies de son papa avec ces versions originales.</span></span></h3> <h3><span style=""font-family:tahoma, arial, helvetica, sans-serif;font-size:10pt;color:#000000;""><span class=""&quot;goog-text-highlight&quot;"">Un coucher pacifique quand les lumières s'éteignent sur les sons du plus grand rappeur américian</span></span></h3> <h3><span style=""font-family:tahoma, arial, helvetica, sans-serif;font-size:10pt;color:#000000;""><span class=""&quot;goog-text-highlight&quot;"">Les </span>guitares et batteries sont remplacées par des xylophones et le volume diminué de 11 à 2 décibels.</span></h3>";"Berceuses pour bébé Jay-Z";"berceuses pour bébé,berceuses bébé,berceuse bébé,berceuse bebe,berceuse bébé original,cadeau de naissance bebe,cadeau de naissance bébé,berceuse bebe rap,berceuse bébé jayz,fan de jay z,bleu ivy,berceuse new york jayz";"Berceuses pour bébé Jay-Z. La planète bébé rap est fier de vous présenter le dernier album de Jay-Z. Follement adorable, tellement craquant leurs petites oreilles frétilles à la moindre écoute. Un instant musical de pur zénitude"
"BO36ENCH.G";"Body prénom à Personnaliser Enchanter - PETIT DEMON";"25.000000";"<h2 class=""p1""><span class=""s1""><span style=""color:#000000;"">100% COTON BIOLOGIQUE. LABEL GOTS</span><strong>  <img src=""http://www.polymedegouges.com/img/cms/IMAGES%20GOTS/GOTS-296x300.png"" alt="""" width=""83"" height=""84"" /></strong></span></h2> <hr /><p><span style=""font-family:tahoma, arial, helvetica, sans-serif;font-size:10pt;color:#000000;""> </span></p> <h3 class=""p1""><span class=""s1"" style=""color:#000000;"">100% coton Biologique - Certifié GOTS. (Global Organic Textile Standard). </span></h3> <h3 class=""p1""><span class=""s1"" style=""color:#000000;"">Coton très épais 200 Mg, maille tissu très resserrée.  </span></h3> <h3 class=""p2""></h3> <h3 class=""p1""><span class=""s1"" style=""color:#000000;"">Trois pressions à l'entrejambesans nickel<br /> Emmanchures américaines</span></h3> <h3 class=""p1""><span class=""s1""><span style=""color:#000000;"">Nos bodies sont réalisés avec un coton BIO, épais, très doux. Un tissu de qualité afin de préserver la peau fragile des bébés.</span>   </span></h3> <p><span style=""font-family:tahoma, arial, helvetica, sans-serif;font-size:10pt;color:#000000;""> </span></p> <hr /><p><span style=""font-family:tahoma, arial, helvetica, sans-serif;font-size:10pt;color:#000000;""> </span></p> <h3 class=""p1""><span class=""s1"" style=""color:#000000;"">Le référentiel Global Organic Textile Standard (GOTS) est le fruit d'une collaboration entre les principaux acteurs dans le domaine de la normalisation ayant pour but de définir des exigences reconnues dans le monde entier et permettant ainsi de garantir la qualité biologique des textiles depuis la récolte des matières premières, en passant par la fabrication responsable d'un point de vue social et environnemental, jusqu'à l'étiquetage pour offrir une garantie fiable au consommateur.</span></h3> <h3 class=""p2""><span class=""s1"" style=""color:#000000;"">source : de Global Organic Textile Standard International Working Group</span></h3> <h3></h3> <p> </p> <p> </p> <hr /><p> </p> <p> <a title=""&quot;&quot;&quot;Lavage&quot;&quot;"" href=""%5C""><img title=""&quot;&quot;&quot;Lavage&quot;&quot;"" src=""%5C"" alt=""&quot;&quot;&quot;Lavage&quot;&quot;"" /></a> Lavage machine 30°    <a title=""&quot;&quot;&quot;séchage&quot;&quot;"" href=""%5C""><img src=""%5C"" alt=""&quot;&quot;&quot;&quot;&quot;&quot;"" /></a> ne pas sécher à la machine     <a title=""&quot;&quot;&quot;Repassage&quot;&quot;"" href=""%5C""><img title=""&quot;&quot;&quot;Repassage&quot;&quot;"" src=""%5C"" alt=""&quot;&quot;&quot;Repassage&quot;&quot;"" /></a> repassage à l'envers, température inférieure à 150° C </p>";"<h1><span style=""color:#fbe329;"">Body bébé prénom à personnaliser</span></h1> <h1 class=""p2""><span class=""s1"">Mais comment s'appelle ce parfait bébé?</span></h1> <h1 class=""p2""><span class=""s1"">Stylé, coloré avec un brin d'humour pour ce body original à personnaliser.</span></h1> <h1 class=""p1"">Une idée de cadeau de naissance, ce body original est le cadeau parfait à offrir au petit bébé</h1> <p></p> <h1 class=""p1""><span class=""s1"" style=""color:#006bff;"">LE PETIT PLUS : body bébé Bio certifié GOTS. Création française, modèle unique</span></h1> <p class=""&quot;&quot;&quot;p1&quot;&quot;&quot;""></p> <p class=""&quot;&quot;&quot;p1&quot;&quot;&quot;""></p>";"Body bébé bio personnalisé original | Cadeau de naissance personnalisé | ";"body bebe personnaliser,body a personnaliser,body à personnalisé,body bebe a personnalisé,body bebe original,cadeau de naissance";"Enfin un body BIO personnalisé original et recherché. Il est fun, coloré et joliment travaillé. CREATION FRANÇAISE - LIVRAISON GRATUITE"
"BO21PSG15.G";"Vêtement Bébé Paris Maillot Bébé Foot - PETIT DEMON";"25.000000";"<h2><strong><span style=""color:#d0121a;"">Un maillot bébé Paris pour une autre saison</span></strong></h2> <h2><span style=""color:#4a4a4a;""><strong>Les maillots de foot du PSG</strong> changent au gré des saisons qui s'enchainent mais ne se ressemblent pas. Alors chez Petit Démon, les bébés supporters du PSG pourront s'afficher avec tous les body de leur club préféré.</span></h2> <hr /><p> </p> <h3 class=""p1""><span class=""s1"" style=""color:#4a4a4a;""><strong>100% COTON OEKO TEX.   <img src=""http://www.polymedegouges.com/img/cms/IMAGES%20GOTS/oeko-tex-Labellisation-labels-textiles-bio-environnement-carbonetex-textile-environnement-bureau-etudes-conseil-ingenierie-technique1.jpg"" alt="""" width=""105"" height=""68"" /></strong></span></h3> <h3 class=""p2""></h3> <h3 class=""p1""><span class=""s1"" style=""color:#4a4a4a;""> </span></h3> <h3 class=""p1""><span class=""s1"" style=""color:#4a4a4a;""><strong>100% coton Conficiance Textile- Certifié OEKO TEX</strong>. </span></h3> <h3 class=""p1""><span class=""s1"" style=""color:#4a4a4a;"">Coton très épais 200 Mg, maille tissu très resserrée.</span></h3> <h3 class=""p1""><span class=""s1"" style=""color:#4a4a4a;"">Trois pressions à l'entrejambe sans nickel<br /> Emmanchures américaines</span></h3> <h3 class=""p3""></h3> <h3 class=""p1""><span class=""s1"" style=""color:#4a4a4a;"">Nos bodies sont réalisés avec un coton épais, très doux. Un tissu de qualité afin de préserver la peau fragile des bébés.</span></h3> <h3 class=""p1""><span class=""s1"" style=""color:#4a4a4a;""> </span></h3> <h3 class=""p1""><span class=""s1"" style=""color:#4a4a4a;""><strong>Le label Oeko-Tex</strong> <strong>Standard 100</strong> <strong>garantie qu´aucune substance nocive ou de colorant nocif ne soient utilisés à tous les stades de la production. Ce label assure également à nos bodies, qu´ils ont passé les tests de sécurité les plus strictes.</strong></span></h3> <h3 class=""p1""><span class=""s1"" style=""color:#4a4a4a;"">Ce label porte sur un engagement éthique des valeurs humaines et écologiques. Respect du travail humain et de l´environnement.</span></h3> <h3 class=""p3""></h3> <h3 class=""p1""><span class=""s1"" style=""color:#4a4a4a;""><strong>Écologie humaine</strong></span></h3> <h3 class=""p1""><span class=""s1"" style=""color:#4a4a4a;"">L'écologie humaine s`intéresse aux effets des textiles et de leurs composants chimiques sur la santé et le bien-être des personnes.</span></h3> <h3 class=""p1""><span class=""s1"" style=""color:#4a4a4a;"">Source Oeko-tex </span></h3> <p><span style=""font-family:tahoma, arial, helvetica, sans-serif;font-size:10pt;color:#000000;""> </span></p> <hr /><p><span style=""font-family:tahoma, arial, helvetica, sans-serif;font-size:10pt;color:#000000;""> </span></p> <p><span style=""font-family:tahoma, arial, helvetica, sans-serif;font-size:10pt;color:#000000;""> <a title=""Lavage machine 60°"" href=""http://www.vertbaudet.fr/page/guide-entretien.htm""><span style=""color:#000000;""><img title=""Lavage machine 30°"" src=""http://media.vertbaudet.fr/Medias/3-0-0/75/7/lavage_2-gif_m1076472233.gif"" alt=""Lavage machine 30°"" width=""29"" height=""23"" /></span></a> Lavage machine 30°    <a title=""séchage au séche linge 2 points"" href=""http://www.vertbaudet.fr/page/guide-entretien.htm""><span style=""color:#000000;""><img src=""http://media.vertbaudet.fr/Medias/3-0-0/75/7/sechage_3-gif_m-1358962856.gif"" alt="""" width=""29"" height=""23"" /></span></a> ne pas sécher à la machine     <a title=""Repassage température inférieure à 150° C"" href=""http://www.vertbaudet.fr/page/guide-entretien.htm""><span style=""color:#000000;""><img title=""Repassage température inférieure à 150° C"" src=""http://media.vertbaudet.fr/Pictos/3-0-0/trepas_2.gif"" alt=""Repassage température inférieure à 150° C"" /></span></a> repassage à l'envers, température inférieure à 150° C </span></p>";"<h2 class=""p1""><strong><span class=""s1"" style=""color:#0e2975;"">Maillot foot bébé PSG non officiel</span></strong></h2> <h2 class=""p3""><span class=""s1"" style=""color:#9b9b9b;"">Parents fans de foot ou papa supporter de Paris, adopter le <strong>body original bébé supporter parisien.</strong></span></h2> <h2 class=""p3""><span class=""s1"" style=""color:#9b9b9b;"">En soir de match ou pour afficher les couleurs de Paris, bébé aura tous les regards portés sur lui.</span></h2> <h2 class=""p2""><span style=""color:#9b9b9b;""><strong><span class=""s1"">Le cadeau naissance de papa ou une idée cadeau de bébé pour papa. Un body original bébé foot.</span></strong></span></h2> <p></p> <h2 class=""p6""><strong><span class=""s1"" style=""color:#d0121a;"">LE PETIT PLUS: body bébé Oeko Tex. Création et Design Français.</span></strong></h2>";"Body PSG Maillot Foot Bébé. Idée cadeau naissance papa. Body original";"body bébé maillot paris. nouvelle saison,nouveau maillot pour paris. vos petits sportifs pourront déjà jouer du body sur la pelouse cet été avec le body bébé supporter parisien. et tout comme papa.";"Vous cherchiez un cadeau pour la fête des pères ou une naissance. Ne cherchez plus si papa est fan du PSG c'est ici que vous dénicherez le meilleur cadeau."
"BODY SUPER MARSEILLAIS";"Body maillot OM Bébé non officiel - PETIT DEMON";"25.000000";"<p><span style=""color:#f30202;""><strong><span style=""font-size:12pt;font-family:tahoma, arial, helvetica, sans-serif;""><strong><strong><strong>!! CLIQUEZ SUR L'ONGLET ""PERSONNALISATION"" CI-DESSUS, AVANT D'AJOUTER LE PRODUIT AU PANIER !!</strong></strong></strong></span></strong></span></p> <p><strong><span style=""font-size:12pt;font-family:tahoma, arial, helvetica, sans-serif;color:#000000;"">BODY SUPER MARSEILLAIS</span></strong></p> <hr /><p><span style=""font-family:tahoma, arial, helvetica, sans-serif;color:#000000;""> </span></p> <p class=""p1""><span class=""s1"" style=""font-family:tahoma, arial, helvetica, sans-serif;font-size:10pt;color:#000000;"">Body naissance - Body bébé original </span></p> <p class=""p1""><span class=""s1"" style=""font-family:tahoma, arial, helvetica, sans-serif;font-size:10pt;color:#000000;"">100% PUR COTON TOUT DOUX, TISSÉ EN 200g/m 2 (coton très épais)</span></p> <p class=""p1""><span style=""font-family:tahoma, arial, helvetica, sans-serif;font-size:10pt;color:#000000;""><span class=""s2"">Trois </span><span class=""s1"">pressions à l'entrejambe<strong> sans nickel</strong></span><span class=""s2""><br /></span><span class=""s1"">Emmanchures américaines</span></span></p> <p class=""p1""><span style=""font-family:tahoma, arial, helvetica, sans-serif;font-size:10pt;color:#000000;""><em><span class=""s1""><strong>Certifié sans substance chimique ou nocive par le label TEXTILE OEKO-TEX 100</strong></span></em></span></p> <p><span style=""font-family:tahoma, arial, helvetica, sans-serif;font-size:10pt;line-height:1.5em;color:#000000;""> </span></p> <hr /><p><span style=""font-family:tahoma, arial, helvetica, sans-serif;font-size:10pt;color:#000000;""> </span></p> <p class=""p1""><span class=""s1"" style=""font-family:tahoma, arial, helvetica, sans-serif;font-size:10pt;color:#000000;"">Nos bodies sont réalisés avec un coton épais, très doux, <strong>testés sans substance nocive ni produit chimique notoire.</strong> </span></p> <p class=""p1""><span class=""s1"" style=""font-family:tahoma, arial, helvetica, sans-serif;font-size:10pt;color:#000000;"">Un tissu de qualité afin de préserver la peau fragile des bébés.</span></p> <p class=""p1""><span class=""s1"" style=""font-family:tahoma, arial, helvetica, sans-serif;font-size:10pt;color:#000000;"">Nos bodies labelisés OEKO-TEX STANDARD 100 respectent l´environnement et le travail humain.</span></p> <p class=""p2""><span style=""font-family:tahoma, arial, helvetica, sans-serif;font-size:10pt;color:#000000;""> </span></p> <p class=""p1""><strong><span class=""s1"" style=""font-family:tahoma, arial, helvetica, sans-serif;font-size:10pt;color:#000000;"">Écologie humaine</span></strong></p> <p class=""p1""><span class=""s1"" style=""font-family:tahoma, arial, helvetica, sans-serif;font-size:10pt;color:#000000;"">L'écologie humaine s`intéresse aux effets des textiles et de leurs composants chimiques sur la santé et le bien-être des personnes.</span></p> <p class=""p1""><span class=""s1"" style=""font-family:tahoma, arial, helvetica, sans-serif;font-size:10pt;color:#000000;"">Source Oeko-tex</span></p> <p><span style=""font-family:tahoma, arial, helvetica, sans-serif;font-size:10pt;color:#000000;""> </span></p> <hr /><p><span style=""font-family:tahoma, arial, helvetica, sans-serif;font-size:10pt;color:#000000;""> </span></p> <p><span style=""font-family:tahoma, arial, helvetica, sans-serif;font-size:10pt;color:#000000;""> <a title=""Lavage machine 60°"" href=""http://www.vertbaudet.fr/page/guide-entretien.htm""><span style=""color:#000000;""><img title=""Lavage machine 30°"" src=""http://media.vertbaudet.fr/Medias/3-0-0/75/7/lavage_2-gif_m1076472233.gif"" alt=""Lavage machine 30°"" width=""29"" height=""23"" /></span></a> Lavage machine 30°    <a title=""séchage au séche linge 2 points"" href=""http://www.vertbaudet.fr/page/guide-entretien.htm""><span style=""color:#000000;""><img src=""http://media.vertbaudet.fr/Medias/3-0-0/75/7/sechage_3-gif_m-1358962856.gif"" alt="""" width=""29"" height=""23"" /></span></a> ne pas sécher à la machine     <a title=""Repassage température inférieure à 150° C"" href=""http://www.vertbaudet.fr/page/guide-entretien.htm""><span style=""color:#000000;""><img title=""Repassage température inférieure à 150° C"" src=""http://media.vertbaudet.fr/Pictos/3-0-0/trepas_2.gif"" alt=""Repassage température inférieure à 150° C"" /></span></a> repassage à l'envers, température inférieure à 150° C </span></p>";"<p><span style=""color:#62b5f9;""><strong><span style=""font-family:tahoma, arial, helvetica, sans-serif;font-size:12pt;"">BODY BEBE SUPER MARSEILLAIS 2014-2015</span></strong></span></p> <p class=""p1""><span style=""color:#62b5f9;""><strong><span class=""s1"">Dress code les soirs de match!</span></strong></span></p> <p class=""p1""><span style=""color:#62b5f9;""><strong><span class=""s1"">Areuh l'OM</span></strong></span></p> <p class=""p1""><span class=""s1"">Dans la planète foot, je demande le body naissance supporter de l'OM.</span></p> <p class=""p1""><span class=""s1"">""Je crains dégun"" avec mon body bébé supporter du Vélodrome.</span></p> <p class=""p1""><span class=""s1"">Assis dans mon cosi ""Areuhh l'OM.</span></p> <p class=""p2"">Une idée de cadeau de naissance original. Un body bébé spécialement créé pour les grands fans de l'OM.</p>";"Body bébé maillot marseille blanc om";"body bébé maillot paris. nouvelle saison,nouveau maillot pour paris. vos petits sportifs pourront déjà jouer du body sur la pelouse cet été avec le body bébé supporter parisien. et tout comme papa.";"Body bébé maillot om. Parents fan de foot n'hésitez plus, habillez votre bébé aux couleurs de votre club parisien. Un body pour petit sportif en herbe."
"BODY LA PETITE MARSEILLAISE";"Vêtement Bébé OM Fille maillot Marseille - PETIT DEMON";"25.000000";"<p><span style=""color:#f30202;""><strong><span style=""font-size:12pt;font-family:tahoma, arial, helvetica, sans-serif;""><strong><strong><strong>!! CLIQUEZ SUR L'ONGLET ""PERSONNALISATION"" CI-DESSUS, AVANT D'AJOUTER LE PRODUIT AU PANIER !!</strong></strong></strong></span></strong></span></p> <p><strong><span style=""font-size:12pt;font-family:tahoma, arial, helvetica, sans-serif;color:#000000;"">BODY LA PETITE MARSEILLAISE</span></strong></p> <hr /><p><span style=""font-family:tahoma, arial, helvetica, sans-serif;color:#000000;""> </span></p> <p class=""p1""><span class=""s1"" style=""font-family:tahoma, arial, helvetica, sans-serif;font-size:10pt;color:#000000;"">Body naissance - Body bébé original </span></p> <p class=""p1""><span class=""s1"" style=""font-family:tahoma, arial, helvetica, sans-serif;font-size:10pt;color:#000000;"">100% PUR COTON TOUT DOUX, TISSÉ EN 200g/m 2 (coton très épais)</span></p> <p class=""p1""><span style=""font-family:tahoma, arial, helvetica, sans-serif;font-size:10pt;color:#000000;""><span class=""s2"">Trois </span><span class=""s1"">pressions à l'entrejambe<strong> sans nickel</strong></span><span class=""s2""><br /></span><span class=""s1"">Emmanchures américaines</span></span></p> <p class=""p1""><span style=""font-family:tahoma, arial, helvetica, sans-serif;font-size:10pt;color:#000000;""><em><span class=""s1""><strong>Certifié sans substance chimique ou nocive par le label TEXTILE OEKO-TEX 100</strong></span></em></span></p> <p><span style=""font-family:tahoma, arial, helvetica, sans-serif;font-size:10pt;line-height:1.5em;color:#000000;""> </span></p> <hr /><p><span style=""font-family:tahoma, arial, helvetica, sans-serif;font-size:10pt;color:#000000;""> </span></p> <p class=""p1""><span class=""s1"" style=""font-family:tahoma, arial, helvetica, sans-serif;font-size:10pt;color:#000000;"">Nos bodies sont réalisés avec un coton épais, très doux, <strong>testés sans substance nocive ni produit chimique notoire.</strong> </span></p> <p class=""p1""><span class=""s1"" style=""font-family:tahoma, arial, helvetica, sans-serif;font-size:10pt;color:#000000;"">Un tissu de qualité afin de préserver la peau fragile des bébés.</span></p> <p class=""p1""><span class=""s1"" style=""font-family:tahoma, arial, helvetica, sans-serif;font-size:10pt;color:#000000;"">Nos bodies labelisés OEKO-TEX STANDARD 100 respectent l´environnement et le travail humain.</span></p> <p class=""p2""><span style=""font-family:tahoma, arial, helvetica, sans-serif;font-size:10pt;color:#000000;""> </span></p> <p class=""p1""><strong><span class=""s1"" style=""font-family:tahoma, arial, helvetica, sans-serif;font-size:10pt;color:#000000;"">Écologie humaine</span></strong></p> <p class=""p1""><span class=""s1"" style=""font-family:tahoma, arial, helvetica, sans-serif;font-size:10pt;color:#000000;"">L'écologie humaine s`intéresse aux effets des textiles et de leurs composants chimiques sur la santé et le bien-être des personnes.</span></p> <p class=""p1""><span class=""s1"" style=""font-family:tahoma, arial, helvetica, sans-serif;font-size:10pt;color:#000000;"">Source Oeko-tex</span></p> <p><span style=""font-family:tahoma, arial, helvetica, sans-serif;font-size:10pt;color:#000000;""> </span></p> <hr /><p><span style=""font-family:tahoma, arial, helvetica, sans-serif;font-size:10pt;color:#000000;""> </span></p> <p><span style=""font-family:tahoma, arial, helvetica, sans-serif;font-size:10pt;color:#000000;""> <a title=""Lavage machine 60°"" href=""http://www.vertbaudet.fr/page/guide-entretien.htm""><span style=""color:#000000;""><img title=""Lavage machine 30°"" src=""http://media.vertbaudet.fr/Medias/3-0-0/75/7/lavage_2-gif_m1076472233.gif"" alt=""Lavage machine 30°"" width=""29"" height=""23"" /></span></a> Lavage machine 30°    <a title=""séchage au séche linge 2 points"" href=""http://www.vertbaudet.fr/page/guide-entretien.htm""><span style=""color:#000000;""><img src=""http://media.vertbaudet.fr/Medias/3-0-0/75/7/sechage_3-gif_m-1358962856.gif"" alt="""" width=""29"" height=""23"" /></span></a> ne pas sécher à la machine     <a title=""Repassage température inférieure à 150° C"" href=""http://www.vertbaudet.fr/page/guide-entretien.htm""><span style=""color:#000000;""><img title=""Repassage température inférieure à 150° C"" src=""http://media.vertbaudet.fr/Pictos/3-0-0/trepas_2.gif"" alt=""Repassage température inférieure à 150° C"" /></span></a> repassage à l'envers, température inférieure à 150° C </span></p>";"<p><span style=""font-family:tahoma, arial, helvetica, sans-serif;font-size:12pt;color:#68b7f8;""><strong>BODY BEBE LA PETITE MARSEILLAISE 2014-2015</strong></span></p> <p class=""p1""><span style=""color:#68b7f8;""><strong><span class=""s1"">Trop classe dans mon body!</span></strong></span></p> <p class=""p2"">Une petite marseillaise baignée dans l'univers de l'OM, bercée par les chants de son papa supporter se doit d'avoir son body de petite supportrice. Allez tous aux couleurs de l'OM.</p> <p class=""p2"">Un cadeau de naissance original à offrir pour un coup de coeur assuré.</p>";"Body bébé maillot marseille fille om";"body bébé maillot paris. nouvelle saison,nouveau maillot pour paris. vos petits sportifs pourront déjà jouer du body sur la pelouse cet été avec le body bébé supporter parisien. et tout comme papa.";"Body bébé maillot om. Parents fan de foot n'hésitez plus, habillez votre bébé aux couleurs de votre club marseillais. Un body pour petit sportif en herbe."
"TEST";"TEST";"0.100000";;;;;
"TS-TOUR-FI";"T shirt bébé Tour de France non officiel - PETIT DEMON";"25.000000";"<h3 class=""&quot;&quot;p1&quot;&quot;""><strong>T-Shirt 100% coton Confiance Textile - Certifié OEKO TEX </strong></h3> <h3 class=""&quot;&quot;p2&quot;&quot;""></h3> <h3 class=""&quot;&quot;p1&quot;&quot;""><strong>T-Shirt testé sans substance nocive, ni métaux lourds. </strong></h3> <h3 class=""&quot;&quot;p1&quot;&quot;""><strong>Encre à l´eau de fabrication française, certifiée OEKO TEX</strong></h3> <p><img src=""http://www.polymedegouges.com/img/cms/LOGO%20ENCRE%20OEKO%20TEX.png"" alt="""" width=""398"" height=""155"" /></p> <h3 class=""&quot;&quot;p1&quot;&quot;""><span class=""&quot;&quot;s1&quot;&quot;"">Coton très épais 200 Mg, maille tissu très resserrée.</span></h3> <h3 class=""&quot;&quot;p3&quot;&quot;""></h3> <h3 class=""&quot;&quot;p1&quot;&quot;""><span class=""&quot;&quot;s1&quot;&quot;"">Nos T-Shirt sont réalisés avec un coton épais, très doux. Un tissu de qualité afin de préserver la peau fragile des bébés.</span></h3> <h3 class=""&quot;&quot;p4&quot;&quot;""><span class=""&quot;&quot;s1&quot;&quot;""> </span></h3> <h3 class=""&quot;&quot;p5&quot;&quot;""></h3> <h3 class=""&quot;&quot;p1&quot;&quot;""><span class=""&quot;&quot;s1&quot;&quot;""><strong>Le label Oeko-Tex Standard 100</strong> garantie qu´aucune substance nocive ou de colorant nocif ne soient utilisés à tous les stades de la production. Ce label assure également à nos bodies, qu´ils ont passé les tests de sécurité les plus strictes.</span></h3> <h3 class=""&quot;&quot;p1&quot;&quot;""><span class=""&quot;&quot;s1&quot;&quot;"">Ce label porte sur un engagement éthique des valeurs humaines et écologiques. Respect du travail humain et de l´environnement.</span></h3> <h3 class=""&quot;&quot;p3&quot;&quot;""></h3> <h3 class=""&quot;&quot;p1&quot;&quot;""><span class=""&quot;&quot;s1&quot;&quot;"">Écologie humaine</span></h3> <h3 class=""&quot;&quot;p1&quot;&quot;""><span class=""&quot;&quot;s1&quot;&quot;"">L'écologie humaine s`intéresse aux effets des textiles et de leurs composants chimiques sur la santé et le bien-être des personnes.</span></h3> <h3 class=""&quot;&quot;p1&quot;&quot;""><span class=""&quot;&quot;s1&quot;&quot;"">Source Oeko-tex</span><span class=""&quot;&quot;s2&quot;&quot;"">  </span></h3>";"<p><img src=""https://www.petitdemon.fr/img/cms/banniere%20envois%20gratis%20copie.jpg"" alt=""livraison gratuite - petit demon"" width=""300"" height=""47"" /></p> <h2>Parés de ce <strong>t-shirt bébé du maillot jaune</strong>,</h2> <h3>perchés sur les épaules de papa ou de papy, ils paraderont le long des routes de France, en parfait petit supporters. Un <strong>cadeau de naissance original</strong>.</h3> <h3><span><strong>ON ADORE : T-Shirt certifié OEKO TEX sans substance nocive. Création Française, modèle unique</strong></span></h3>";"Tshirt bébé Tour de France non officiel| LIVRAISON GRATUITE";;"Découvrez le t-shirt bébé original du Tour de France. Avec une pointe d'humour ""Dopé au lait"", les bébé seront de vrais champions. CREATION FRANÇAISE et OekoTex"
"TS-SUPER-PAPA";"T shirt super papa - cadeau papa geek  - t shirt superman papa";"25.000000";;"<h2 style=""text-align:left;""><span style=""color:#2445a2;"">Papa mon héros. Avec ce t-shirt Super-Papa, l'illusion est parfaite. Un cadeau pour papa geek, fier de défendre sa planète.</span></h2> <p class=""p1""><span class=""s1"" style=""color:#d0121a;"">On adore : Création Française - T-shirt Bio - Impression encre à l'eau Française</span></p> <p style=""text-align:center;""></p>";"Cadeau papa :  T-shirt Super Papa haute qualité | CREATION FRANÇAISE";;"Le t-shirt Super Papa est le best seller des t-shirt papa. Un cadeau à offrir à tous les super papas pour leur prouver qu'ils sont nos héros. LIVRAISON GRATUITE"
"CARTE-25";"Carte cadeau 25 EUR - Idée cadeau naissance";"25.000000";"<h3 style=""text-align:center;""><br class=""Apple-interchange-newline"" /><strong><span style=""color:#000000;"">COMMENT UTILISER LA CARTE ?</span></strong></h3> <div class=""steps""> <table style=""height:227px;margin-left:auto;margin-right:auto;"" width=""738""><tbody><tr><td class=""number""> <h3><span style=""color:#000000;background-color:#ffffff;"">1</span></h3> </td> <td class=""description""> <h3><span style=""color:#000000;"">Faites votre choix sur Petitdemon.fr et ajoutez un ou plusieurs produits dans votre panier.</span></h3> </td> </tr><tr><td class=""number""> <h3><span style=""color:#000000;"">2</span></h3> </td> <td class=""description""> <h3><span style=""color:#000000;"">Au moment de payer, saisissez<strong> le code de réduction</strong> dans le champ "code de réduction" et confirmez la commande.</span></h3> </td> </tr><tr><td class=""number""> <h3><span style=""color:#000000;"">3</span></h3> </td> <td class=""description""> <h3><span style=""color:#000000;"">Bravo ! <strong>Votre commande sera préparée et expédiée</strong> par Éric et Mélanie avec tout leur amour et leur bonne humeur.</span></h3> </td> </tr><tr><td class=""number""> <h3><span style=""color:#000000;"">4</span></h3> </td> <td class=""description""> <h3><span style=""color:#000000;"">Votre carte cadeau peut être <strong>utilisée en plusieurs fois</strong> avec le même code.</span></h3> </td> </tr></tbody></table><h3></h3> </div>";"<h2 style=""text-align:left;""><span style=""color:#000000;""><strong>Vous êtes en manque d'inspiration? Vous cherchez un cadeau de dernière minute? </strong></span></h2> <h2 style=""text-align:left;""><span style=""color:#000000;"">Optez pour la carte cadeau, vous ne vous tromperez pas.</span></h2> <h2><span style=""color:#000000;"">Quel que soit le budget, quelle que soit l´occasion, naissance, anniversaire, Noël, fête des mères, fête des pères...c'est l'idée cadeau idéale.</span></h2> <h2><span style=""color:#000000;"">La certitude de faire plaisir en offrant la liberté de choisir parmi toute notre collection.</span></h2>";"Carte cadeau Petit Démon - Des créations française pour bébé";;"Un cadeau de dernière minute, un doute sur la taille du bébé. La carte cadeau c'est efficace. Retrouvez tous nos articles sur la boutique - LIVRAISON GRATUITE"
"CARTE-50";"Carte cadeau 50 EUR - Idée cadeau naissance";"50.000000";"<h3 style=""text-align:center;""><br class=""Apple-interchange-newline"" /><strong><span style=""color:#000000;"">COMMENT UTILISER LA CARTE ?</span></strong></h3> <div class=""steps""> <table style=""height:227px;margin-left:auto;margin-right:auto;"" width=""738""><tbody><tr><td class=""number""> <h3><span style=""color:#000000;background-color:#ffffff;"">1</span></h3> </td> <td class=""description""> <h3><span style=""color:#000000;"">Faites votre choix sur Petitdemon.fr et ajoutez un ou plusieurs produits dans votre panier.</span></h3> </td> </tr><tr><td class=""number""> <h3><span style=""color:#000000;"">2</span></h3> </td> <td class=""description""> <h3><span style=""color:#000000;"">Au moment de payer, saisissez<strong> le code de réduction</strong> dans le champ "code de réduction" et confirmez la commande.</span></h3> </td> </tr><tr><td class=""number""> <h3><span style=""color:#000000;"">3</span></h3> </td> <td class=""description""> <h3><span style=""color:#000000;"">Bravo ! <strong>Votre commande sera préparée et expédiée</strong> par Éric et Mélanie avec tout leur amour et leur bonne humeur.</span></h3> </td> </tr><tr><td class=""number""> <h3><span style=""color:#000000;"">4</span></h3> </td> <td class=""description""> <h3><span style=""color:#000000;"">Votre carte cadeau peut être <strong>utilisée en plusieurs fois</strong> avec le même code.</span></h3> </td> </tr></tbody></table><h3></h3> </div>";"<h2 style=""text-align:left;""><span>Offrir le choix du cadeau, c'est la meilleure façon de faire plaisir aux parents et de ne pas se tromper !</span></h2> <h2 style=""text-align:left;""><span>D'une durée d'un an, du montant que vous souhaitez, la carte cadeau est l'allié incontestable des achats de dernières minutes ou des pannes d'inspiration.</span></h2> <h2>Carte cadeau envoyée par la poste ou en E-carte très pratique et immédiat, c'est vous qui décidez.</h2> <p></p> <h2 style=""text-align:left;""></h2>";"Carte cadeau Petit Démon - Des créations française pour bébé";;"Un cadeau de dernière minute, un doute sur la taille du bébé. La carte cadeau c'est efficace. Retrouvez tous nos articles sur la boutique - LIVRAISON GRATUITE"
"CARTE-75";"Carte cadeau 75 EUR - Idée cadeau naissance";"75.000000";"<h3 style=""text-align:center;""><br class=""Apple-interchange-newline"" /><strong><span style=""color:#000000;"">COMMENT UTILISER LA CARTE ?</span></strong></h3> <div class=""steps""> <table style=""height:227px;margin-left:auto;margin-right:auto;"" width=""738""><tbody><tr><td class=""number""> <h3><span style=""color:#000000;background-color:#ffffff;"">1</span></h3> </td> <td class=""description""> <h3><span style=""color:#000000;"">Faites votre choix sur Petitdemon.fr et ajoutez un ou plusieurs produits dans votre panier.</span></h3> </td> </tr><tr><td class=""number""> <h3><span style=""color:#000000;"">2</span></h3> </td> <td class=""description""> <h3><span style=""color:#000000;"">Au moment de payer, saisissez<strong> le code de réduction</strong> dans le champ "code de réduction" et confirmez la commande.</span></h3> </td> </tr><tr><td class=""number""> <h3><span style=""color:#000000;"">3</span></h3> </td> <td class=""description""> <h3><span style=""color:#000000;"">Bravo ! <strong>Votre commande sera préparée et expédiée</strong> par Éric et Mélanie avec tout leur amour et leur bonne humeur.</span></h3> </td> </tr><tr><td class=""number""> <h3><span style=""color:#000000;"">4</span></h3> </td> <td class=""description""> <h3><span style=""color:#000000;"">Votre carte cadeau peut être <strong>utilisée en plusieurs fois</strong> avec le même code.</span></h3> </td> </tr></tbody></table><h3></h3> </div>";"<h2 style=""text-align:left;""><span>Un cadeau de toute urgence? Vous êtes en manque d'idée ?</span></h2> <h2 style=""text-align:left;""><span>Optez pour la carte cadeau. Elle sera envoyée à l'expéditeur que vous souhaitez.</span></h2> <h2 style=""text-align:left;""><span>Pensez aussi à la E-carte. Elle est à imprimer ou à envoyer par mail, dès votre commande confirmée. Rapide, simple et efficace.</span></h2> <h2></h2> <h2></h2> <h2 style=""text-align:left;""></h2>";"Carte cadeau Petit Démon - Des créations française pour bébé";;"Un cadeau de dernière minute, un doute sur la taille du bébé. La carte cadeau c'est efficace. Retrouvez tous nos articles sur la boutique - LIVRAISON GRATUITE"
"CARTE-100";"Carte cadeau 100 EUR - Idée cadeau naissance";"100.000000";"<h3 style=""text-align:center;""><br class=""Apple-interchange-newline"" /><strong><span style=""color:#000000;"">COMMENT UTILISER LA CARTE ?</span></strong></h3> <div class=""steps""> <table style=""height:227px;margin-left:auto;margin-right:auto;"" width=""738""><tbody><tr><td class=""number""> <h3><span style=""color:#000000;background-color:#ffffff;"">1</span></h3> </td> <td class=""description""> <h3><span style=""color:#000000;"">Faites votre choix sur Petitdemon.fr et ajoutez un ou plusieurs produits dans votre panier.</span></h3> </td> </tr><tr><td class=""number""> <h3><span style=""color:#000000;"">2</span></h3> </td> <td class=""description""> <h3><span style=""color:#000000;"">Au moment de payer, saisissez<strong> le code de réduction</strong> dans le champ "code de réduction" et confirmez la commande.</span></h3> </td> </tr><tr><td class=""number""> <h3><span style=""color:#000000;"">3</span></h3> </td> <td class=""description""> <h3><span style=""color:#000000;"">Bravo ! <strong>Votre commande sera préparée et expédiée</strong> par Éric et Mélanie avec tout leur amour et leur bonne humeur.</span></h3> </td> </tr><tr><td class=""number""> <h3><span style=""color:#000000;"">4</span></h3> </td> <td class=""description""> <h3><span style=""color:#000000;"">Votre carte cadeau peut être <strong>utilisée en plusieurs fois</strong> avec le même code.</span></h3> </td> </tr></tbody></table><h3></h3> </div>";"<h2>La carte cadeau : le cadeau gagnant pour être certain de faire plaisir. </h2> <h2>C'est un achat facile, rapide et efficace à utiliser sur toute la boutique. Reçu sous 48h à 72h à l'expéditeur de votre choix.</h2> <h2>La carte cadeau c'est aussi le choix de la E-CARTE. C'est immédiat, vous l'a recevez sur votre mail ou celui d'un proche dès la commande confirmée.</h2> <h2>A vous de choisir.</h2> <p></p> <p></p> <h2 style=""text-align:left;""></h2>";"Carte cadeau Petit Démon - Des créations française pour bébé";;"Un cadeau de dernière minute, un doute sur la taille du bébé. La carte cadeau c'est efficace. Retrouvez tous nos articles sur la boutique - LIVRAISON GRATUITE"
"reforestaction";"1 arbre planté avec Reforest'Action";"0.990000";" 					<p> 						En cochant l'option <strong>Achat Responsable</strong> de Reforest'Action,  						<strong>vous plantez un arbre</strong> 						sur un de nos projets de reforestation pour compenser les émissions de CO2 de votre achat sur ce site Internet. 					</p> 				 					<p> 						1 arbre stocke en moyenne 150 kg de CO2 pendant ses 30 premières années de vie,  						soit plus que les émissions de C02 issues de la fabrication de la plupart des produits achetés sur Internet. 					</p> 					<p> 						Suite à votre achat, vous recevrez par email un <strong>certificat de plantation</strong>  						et la présentation du projet de reforestation auquel vous avez participé. 					</p>";" 					<p>Un arbre est planté sur un projet de reforestation Reforest'Action pour compenser les émissions de CO2 de votre achat sur ce site Internet.<br /> 1 arbre stocke en moyenne 150 kg de CO2, soit plus que les émissions de C02 issues de la fabrication de la plupart des produits achetés sur Internet. <br />Suite à votre achat, vous recevrez par email un certificat de plantation.</p>";;;
"BO-FRANCE-2018";"BODY FOOT BEBE FRANCE 2018";"0.000000";;"<p>Le maillot foot bebe pour le mondial 2018. </p>";;;
;"Fermeture annuelle";"0.000000";"<p class=""p1"" style=""text-align:center;"">Fermeture annuelle du 19/07/19 au <span>05/08</span><span>/19</span></p> <p class=""p1"" style=""text-align:center;"">Les commandes seront envoyées à partir du <span>05 AOÛT</span></p>";"<p class=""p1"" style=""text-align:center;"">Fermeture annuelle du 19/07/19 au 05/08/19</p> <p class=""p1"" style=""text-align:center;""><span>Les commandes seront envoyées à partir du </span><span>05 AOÛT</span></p>";;;
